{"cameraMode":{"drawMode":0,"name":"Shaded","section":"Shading Mode"},"sceneLighting":true,"audioPlay":false,"sceneViewState":{"m_AlwaysRefresh":false,"showFog":true,"showSkybox":true,"showFlares":true,"showImageEffects":true,"showParticleSystems":true,"showVisualEffectGraphs":true,"m_FxEnabled":true},"in2DMode":false,"pivot":{"x":-14.144259452819825,"y":-2.614933967590332,"z":-25.894428253173829},"rotation":{"x":0.00411281967535615,"y":-0.9957318305969238,"z":0.07663001865148545,"w":0.05228794738650322},"size":14.20756721496582,"orthographic":false}